University,Rank,Endowment in thousands,University,Rank,Endowment in thousands,University,Rank,Endowment in thousands,University,Rank,Endowment in thousands,University,Rank,Endowment in thousands,,,,,,,,,,,
2013,2013,2013,2014,2014,2014,2015,2015,2015,2016,2016,2016,2023,2023,2023,,,,,,,,,,,
Harvard University (MA) ....................................................,1,"30,745,534",Harvard University (MA) ....................................................,1,"32,689,489",Harvard University (MA) ....................................................,1,"36,429,256",Harvard University (MA) ....................................................,1,"37,615,545",Harvard University,1,"49,495,108",,,,,,,,,,,
Yale University (CT) ....................................................,2,"19,264,289",University of Texas System Office ....................................................,2,"19,740,283",Yale University (CT) ....................................................,2,"23,858,561",Yale University (CT) ....................................................,2,"25,542,983",University of Texas System,2,"44,967,186",,,,,,,,,,,
University of Texas System Office ....................................................,3,"17,070,515",Yale University (CT) ....................................................,3,"20,708,793",University of Texas System Office ....................................................,3,"25,445,315",University of Texas System Office ....................................................,3,"22,548,856",Yale University,3,"40,746,900",,,,,,,,,,,
Princeton University (NJ) ....................................................,4,"17,404,002",Stanford University (CA) ....................................................,4,"18,688,868",Princeton University (NJ) ....................................................,4,"20,576,361",Stanford University (CA) ....................................................,4,"22,222,957",Stanford University,4,"36,495,000",,,,,,,,,,,
Stanford University (CA) ....................................................,5,"17,035,804",Princeton University (NJ) ....................................................,5,"18,786,132",Stanford University (CA) ....................................................,5,"21,466,006",Princeton University (NJ) ....................................................,5,"22,291,270",The Trustees of Princeton University,5,"34,058,774",,,,,,,,,,,
Massachusetts Institute of Technology ....................................................,6,"10,149,564",Massachusetts Institute of Technology ....................................................,6,"10,857,976",Massachusetts Institute of Technology ....................................................,6,"12,425,131",Massachusetts Institute of Technology ....................................................,6,"13,474,743",Massachusetts Institute of Technology,6,"23,453,446",,,,,,,,,,,
"University of Michigan, Ann Arbor ....................................................",7,"7,586,547","Texas A & M University, College Station ..............................................",7,"8,238,774",University of Pennsylvania ....................................................,7,"9,582,335",University of Pennsylvania ....................................................,7,"10,133,569",Trustees of the University of Pennsylvania,7,"20,962,965",,,,,,,,,,,
Columbia University in the City of New York (NY) ....................................................,8,"7,654,152","University of Michigan, Ann Arbor ....................................................",8,"8,272,366","University of Michigan, Ann Arbor ....................................................",8,"9,603,919","Texas A & M University, College Station ..............................................",8,"9,754,202",The Texas A&M University System & Related Foundations,8,"19,285,472",,,,,,,,,,,
"Texas A & M University, College Station ..............................................",9,"7,032,204",University of Pennsylvania ....................................................,9,"8,174,165","Texas A & M University, College Station ..............................................",9,"10,521,034","University of Michigan, Ann Arbor ....................................................",9,"9,809,705",University of Michigan,9,"17,875,691",,,,,,,,,,,
University of Pennsylvania ....................................................,10,"6,754,658",Columbia University in the City of New York (NY) ....................................................,10,"8,197,880",Columbia University in the City of New York (NY) ....................................................,10,"9,223,047",Columbia University in the City of New York (NY) ....................................................,10,"9,639,065",The Regents of the University of California,10,"17,689,324",,,,,,,,,,,
University of Notre Dame (IN) ....................................................,11,"6,444,599",University of Notre Dame (IN) ....................................................,11,"6,959,051",University of Notre Dame (IN) ....................................................,11,"8,189,096",University of Notre Dame (IN) ....................................................,11,"8,784,381",University of Notre Dame,11,"16,616,524",,,,,,,,,,,
University of California System Admin. Central Office ....................................................,12,"5,990,577",Northwestern University (IL) ....................................................,12,"6,283,130",Northwestern University (IL) ....................................................,12,"7,501,116",University of California System Admin. Central Office ....................................................,12,"6,950,190",Northwestern University,12,"13,699,895",,,,,,,,,,,
Northwestern University (IL) ....................................................,13,"5,574,319",University of California System Admin. Central Office ....................................................,13,"6,402,600",Duke University (NC) ....................................................,13,"7,036,776",Northwestern University (IL) ....................................................,13,"7,588,029",Trustees of Columbia University,13,"13,642,667",,,,,,,,,,,
Emory University (GA) ....................................................,14,"5,774,500",Duke University (NC) ....................................................,14,"6,040,973",University of California System Admin. Central Office ....................................................,14,"7,413,709",Emory University (GA) ....................................................,14,"6,787,163",Duke University,14,"13,237,963",,,,,,,,,,,
Duke University (NC) ....................................................,15,"5,555,196",Emory University (GA) ....................................................,15,"6,115,582",Washington University in St. Louis (MO) ....................................................,15,"6,719,449",Duke University (NC) ....................................................,15,"7,296,545",Washington University,15,"11,467,279",,,,,,,,,,,
University of Chicago (IL)....................................................,16,"5,701,419",Washington University in St. Louis (MO) ....................................................,16,"5,749,297",Emory University (GA) ....................................................,16,"6,981,308",Washington University in St. Louis (MO) ....................................................,16,"6,889,230",The Johns Hopkins University,16,"10,538,865",,,,,,,,,,,
Washington University in St. Louis (MO) ....................................................,17,"5,303,196",University of Chicago (IL) ....................................................,17,"5,886,968",University of Chicago (IL) ....................................................,17,"6,539,290",University of Chicago (IL) ....................................................,17,"6,553,571",Emory University,17,"10,239,776",,,,,,,,,,,
"University of Virginia, Main Campus ....................................................",18,"4,734,895","University of Virginia, Main Campus ....................................................",18,"5,106,876","University of Virginia, Main Campus ....................................................",18,"5,876,310","University of Virginia, Main Campus ....................................................",18,"6,098,997",Cornell University,18,"10,035,558",,,,,,,,,,,
Rice University (TX) ....................................................,19,"4,448,069",Rice University (TX) ....................................................,19,"4,895,299",Rice University (TX) ....................................................,19,"5,553,717",Rice University (TX) ....................................................,19,"5,573,038",The University of Chicago,19,"9,869,725",,,,,,,,,,,
Cornell University (NY) ....................................................,20,"3,850,426",Cornell University (NY) ....................................................,20,"4,133,842",Cornell University (NY) ....................................................,20,"4,646,134",University of Southern California ....................................................,20,"4,709,511",University of Virginia,20,"9,799,870",,,,,,,,,,,
University of Southern California ....................................................,21,"3,488,933",University of Southern California ....................................................,21,"3,868,355",University of Southern California ....................................................,21,"4,593,014",Cornell University (NY) ....................................................,21,"4,760,560",Vanderbilt University,21,"9,684,196",,,,,,,,,,,
Dartmouth College (NH) ....................................................,22,"3,486,383",Dartmouth College (NH) ....................................................,22,"3,733,596",Dartmouth College (NH) ....................................................,22,"4,468,220",Dartmouth College (NH) ....................................................,22,"4,663,491",Dartmouth College,22,"7,930,125",,,,,,,,,,,
Vanderbilt University (TN) ..............................................,23,"3,360,036",Vanderbilt University (TN) ..............................................,23,"3,635,343",Vanderbilt University (TN) ..............................................,23,"4,046,250",Vanderbilt University (TN) ..............................................,23,"4,093,388",University of Southern California,23,"7,463,051",,,,,,,,,,,
"Ohio State University, Main Campus ....................................................",24,"2,348,193","Ohio State University, Main Campus ....................................................",24,"3,130,942","Ohio State University, Main Campus ....................................................",24,"3,595,323","Ohio State University, Main Campus ....................................................",24,"3,640,909",The Ohio State University,24,"7,383,676",,,,,,,,,,,
University of Texas at Austin ....................................................,25,"2,861,389","University of Pittsburgh, Pittsburgh Campus (PA) ....................................................",25,"2,956,739","University of Pittsburgh, Pittsburgh Campus (PA) ....................................................",25,"3,470,665",New York University ..............................................,25,"3,475,939",Rice Management Company,25,"7,240,020",,,,,,,,,,,
New York University ..............................................,26,"2,800,399",New York University ..............................................,26,"2,980,027",University of Texas at Austin ....................................................,26,"3,376,824","University of Pittsburgh, Pittsburgh Campus (PA) ....................................................",26,"3,565,684",Brown University,26,"6,201,434",,,,,,,,,,,
"University of Pittsburgh, Pittsburgh Campus (PA) ....................................................",27,"2,600,314",Johns Hopkins University (MD) ....................................................,27,"2,918,546",Johns Hopkins University (MD) ....................................................,27,"3,392,529",University of Texas at Austin ....................................................,27,"3,341,836",New York University,27,"5,877,433",,,,,,,,,,,
Johns Hopkins University (MD) ....................................................,28,"2,593,316",University of Texas at Austin ....................................................,28,"3,012,895","University of Wisconsin, Madison ....................................................",28,"3,133,197",Johns Hopkins University (MD) ....................................................,28,"3,326,932",University of Minnesota & Foundation,28,"5,501,497",,,,,,,,,,,
Brown University (RI) ....................................................,29,"2,525,091","University of Wisconsin, Madison ....................................................",29,"2,295,273","University of Washington, Seattle Campus ....................................................",29,"2,915,058","University of Minnesota, Twin Cities ....................................................",29,"3,113,770",University of Pittsburgh,29,"5,489,296",,,,,,,,,,,
"University of Minnesota, Twin Cities ....................................................",30,"2,365,693",Brown University (RI) ....................................................,30,"2,669,948","University of Minnesota, Twin Cities ....................................................",30,"2,992,707","University of Wisconsin, Madison ....................................................",30,"3,288,911",University of North Carolina at Chapel Hill and Foundations,30,"5,200,812",,,,,,,,,,,
"University of Washington, Seattle Campus ....................................................",31,"2,206,040","University of Minnesota, Twin Cities ....................................................",31,"2,610,544",Brown University (RI) ....................................................,31,"2,999,749","University of Washington, Seattle Campus ....................................................",31,"3,148,084",University of Washington,31,"4,940,534",,,,,,,,,,,
University of North Carolina at Chapel Hill ....................................................,32,"2,157,237","University of Washington, Seattle Campus ....................................................",32,"2,432,421",University of North Carolina at Chapel Hill ....................................................,32,"2,659,759",Brown University (RI) ....................................................,32,"3,073,349",The Pennsylvania State University,32,"4,443,874",,,,,,,,,,,
"University of Wisconsin, Madison ....................................................",33,"2,068,495",University of North Carolina at Chapel Hill ....................................................,33,"2,344,280",Michigan State University ....................................................,33,"2,549,137",University of North Carolina at Chapel Hill ....................................................,33,"3,029,044",Michigan State University,33,"4,054,000",,,,,,,,,,,
"Purdue University, Main Campus (IN) ....................................................",34,"1,861,079",Michigan State University ....................................................,34,"2,007,498","Pennsylvania State University, Main Campus ....................................................",34,"2,264,414",Michigan State University ....................................................,34,"2,671,411",Carnegie Mellon University+,34,"3,888,140",,,,,,,,,,,
University of Richmond (VA) ....................................................,35,"1,868,910","Purdue University, Main Campus (IN) ....................................................",35,"2,189,202","Purdue University, Main Campus (IN) ....................................................",35,"2,445,542","Pennsylvania State University, Main Campus ....................................................",35,"2,395,857",UCLA Foundation,35,"3,873,061",,,,,,,,,,,
Michigan State University ....................................................,36,"1,760,708",University of Richmond (VA) ....................................................,36,"2,025,996",University of Richmond (VA) ....................................................,36,"2,313,305","Purdue University, Main Campus (IN) ....................................................",36,"2,392,725",University of Wisconsin Foundation,36,"3,838,022",,,,,,,,,,,
California Institute of Technology ..............................................,37,"1,813,842","Pennsylvania State University, Main Campus ....................................................",37,"1,924,143","University of California, Los Angeles ....................................................",37,"1,616,045",California Institute of Technology ..............................................,37,"2,078,954",Purdue University,37,"3,793,601",,,,,,,,,,,
"Pennsylvania State University, Main Campus ....................................................",38,"1,772,921",Amherst College (MA) ....................................................,38,"1,823,748",Williams College (MA) ....................................................,38,"2,143,153",University of Richmond (VA) ....................................................,38,"2,371,810",California Institute of Technology,38,"3,665,200",,,,,,,,,,,
Williams College (MA) ....................................................,39,"1,728,549",Williams College (MA) ....................................................,39,"1,902,112",Boston College (MA) ....................................................,39,"2,105,654",Williams College (MA) ....................................................,39,"2,265,857",Indiana University Foundation,39,"3,557,620",,,,,,,,,,,
Boston College (MA) ....................................................,40,"1,632,635",California Institute of Technology ..............................................,40,"1,960,435",Amherst College (MA) ....................................................,40,"2,149,203",Boston College (MA) ....................................................,40,"2,258,601",Williams College,40,"3,486,558",,,,,,,,,,,
Amherst College (MA) ....................................................,41,"1,640,666",Boston College (MA) ....................................................,41,"1,868,699",Pomona College (CA) ....................................................,41,"2,101,461",Amherst College (MA) ....................................................,41,"2,193,511",Trustees of Boston College,41,"3,461,100",,,,,,,,,,,
Pomona College (CA) ....................................................,42,"1,679,640",Pomona College (CA) ....................................................,42,"1,823,441",California Institute of Technology ..............................................,42,"2,118,100",Pomona College (CA) ....................................................,42,"2,098,703",University of Illinois & Foundation,42,"3,383,034",,,,,,,,,,,
University of Rochester (NY) ....................................................,43,"1,581,773",University of Rochester (NY) ....................................................,43,"1,730,829",University of Rochester (NY) ....................................................,43,"2,015,283",University of Rochester (NY) ....................................................,43,"2,050,199",Amherst College,43,"3,341,667",,,,,,,,,,,
"Georgia Institute of Technology, Main Campus ...............................",44,"1,608,248","Georgia Institute of Technology, Main Campus ...............................",44,"1,714,876",Wellesley College (MA) ....................................................,44,"1,834,137","Georgia Institute of Technology, Main Campus ...............................",44,"1,858,977",Georgetown University,44,"3,298,969",,,,,,,,,,,
Case Western Reserve University (OH) ....................................................,45,"1,600,013",Swarthmore College (PA) ....................................................,45,"1,634,685","Georgia Institute of Technology, Main Campus ...............................",45,"1,889,014",Wellesley College (MA) ....................................................,45,"1,881,031",University of Iowa and Foundations,45,"3,258,492",,,,,,,,,,,
Swarthmore College (PA) ....................................................,46,"1,498,775",Wellesley College (MA) ....................................................,46,"1,576,337",Swarthmore College (PA) ....................................................,46,"1,876,669",Swarthmore College (PA) ....................................................,46,"1,845,799",University of Richmond,46,"3,150,034",,,,,,,,,,,
Wellesley College (MA) ....................................................,47,"1,468,582",Grinnell College (IA) ....................................................,47,"1,553,629","University of California, Berkeley ....................................................",47,"1,671,939","University of California, Berkeley ....................................................",47,"1,834,400",Boston University,47,"3,128,719",,,,,,,,,,,
Smith College (MA) ....................................................,48,"1,409,755",Case Western Reserve University (OH) ....................................................,48,"1,595,300",Grinnell College (IA) ....................................................,48,"1,829,521","University of California, Los Angeles ....................................................",48,"2,328,472",Georgia Institute of Technology and Related Foundations,48,"2,947,317",,,,,,,,,,,
Grinnell College (IA) ....................................................,49,"1,383,856",Smith College (MA) ....................................................,49,"1,557,427",Smith College (MA) ....................................................,49,"1,755,755",Case Western Reserve University (OH) ....................................................,49,"1,775,999",University of California Berkeley Foundation,49,"2,914,883",,,,,,,,,,,
Tufts University (MA) ....................................................,50,"1,351,166","University of California, Berkeley ....................................................",50,"1,411,707",Case Western Reserve University (OH) ....................................................,50,"1,758,570",Boston University (MA) ....................................................,50,"1,644,117",Wellesley College,50,"2,888,870",,,,,,,,,,,
"University of California, Los Angeles ....................................................",51,"1,222,823","University of California, Los Angeles ....................................................",51,"1,411,797",Boston University (MA) ....................................................,51,"1,616,004",Grinnell College (IA) ....................................................,51,"1,787,775",University of Rochester,51,"2,822,698",,,,,,,,,,,
"University of California, Berkeley ....................................................",52,"1,254,517",Boston University (MA) ....................................................,52,"1,403,061",George Washington University (DC) ....................................................,52,"1,576,508",Smith College (MA) ....................................................,52,"1,781,763",Pomona College,52,"2,777,567",,,,,,,,,,,
Boston University (MA) ....................................................,53,"1,190,512",Tufts University (MA) ....................................................,53,"1,440,527",Tufts University (MA) ....................................................,53,"1,590,045","Brigham Young University, Provo (UT) ....................................................",53,"1,581,452",Swarthmore College,53,"2,720,329",,,,,,,,,,,
George Washington University (DC) ....................................................,54,"1,305,892",George Washington University (DC) ....................................................,54,"1,375,202","Brigham Young University, Provo (UT) ....................................................",54,"1,470,770",George Washington University (DC) ....................................................,54,"1,616,357",University of California San Francisco Foundation,54,"2,718,850",,,,,,,,,,,
University of Florida ....................................................,55,"1,127,419",University of Florida ....................................................,55,"1,360,073",University of Florida ....................................................,55,"1,519,964",Tufts University (MA) ....................................................,55,"1,593,019",Virginia Commonwealth University and Affiliated Entities,55,"2,582,571",,,,,,,,,,,
Washington and Lee University (VA) ....................................................,56,"1,261,553",University of Kansas ....................................................,56,"1,310,655",Georgetown University (DC) ....................................................,56,"1,461,276",University of Kansas ....................................................,56,"1,523,065",Texas Christian University,56,"2,579,000",,,,,,,,,,,
University of Kansas ....................................................,57,"1,202,585",Washington and Lee University (VA) ....................................................,57,"1,345,356",University of Kansas ....................................................,57,"1,494,881",Georgetown University (DC) ....................................................,57,"1,528,869",George Washington University,57,"2,522,442",,,,,,,,,,,
Georgetown University (DC) ....................................................,58,"1,140,486","Brigham Young University, Provo (UT) ....................................................",58,"1,053,241",Southern Methodist University (TX) ....................................................,58,"1,425,146",Washington and Lee University (VA) ....................................................,58,"1,471,274",Trustees of Grinnell College,58,"2,505,851",,,,,,,,,,,
Southern Methodist University (TX) ....................................................,59,"1,162,415",Georgetown University (DC) ....................................................,59,"1,286,322",Texas Christian University ....................................................,59,"1,393,241",University of Florida ....................................................,59,"1,556,155",Smith College,59,"2,470,416",,,,,,,,,,,
Texas Christian University ....................................................,60,"1,110,868",Southern Methodist University (TX) ....................................................,60,"1,268,079",Washington and Lee University (VA) ....................................................,60,"1,477,923",Texas Christian University ....................................................,60,"1,486,003",Bowdoin College,60,"2,423,933",,,,,,,,,,,
University of Delaware ....................................................,61,"1,087,873",Texas Christian University ....................................................,61,"1,256,030","University of California, San Francisco ...............................",61,"912,957",Southern Methodist University (TX) ....................................................,61,"1,505,296",Tufts University,61,"2,405,498",,,,,,,,,,,
Weill Cornell Medical College (NY) ....................................................,62,"1,096,528",University of Delaware ....................................................,62,"1,171,166",Bowdoin College (ME) ....................................................,62,"1,216,030",Bowdoin College (ME) ....................................................,62,"1,392,760",The Rockefeller University,62,"2,365,419",,,,,,,,,,,
Soka University of America (CA) ...............................,63,"1,035,512",University of Illinois at Urbana-Champaign ....................................................,63,"1,050,492",University of Delaware ....................................................,63,"1,310,133",Carnegie Mellon University (PA) ....................................................,63,"1,318,050",The Kansas University Endowment Association,63,"2,357,413",,,,,,,,,,,
Lehigh University (PA) ....................................................,64,"1,035,593",University of Iowa ....................................................,64,"1,094,803",Carnegie Mellon University (PA) ....................................................,64,"1,235,968",University of Illinois at Urbana-Champaign ....................................................,64,"1,308,415",University of Florida Foundation Inc.,64,"2,337,110",,,,,,,,,,,
University of Iowa ....................................................,65,"981,104",Soka University of America (CA) ...............................,65,"1,117,424",University of Illinois at Urbana-Champaign ....................................................,65,"1,289,584",University of Delaware ....................................................,65,"1,341,373",University of Nebraska Board of Regents,65,"2,266,095",,,,,,,,,,,
Carnegie Mellon University (PA) ....................................................,66,"979,230",Weill Cornell Medical College (NY) ....................................................,66,"1,138,386",Weill Cornell Medical College (NY) ....................................................,66,"1,243,815",University of Iowa ....................................................,66,"1,263,043",Case Western Reserve University,66,"2,260,605",,,,,,,,,,,
Wake Forest University (NC) ....................................................,67,"1,025,069",Carnegie Mellon University (PA) ....................................................,67,"1,066,149",University of Iowa ....................................................,67,"1,251,356",Weill Cornell Medical College (NY) ....................................................,67,"1,276,986",University of Missouri System,67,"2,234,800",,,,,,,,,,,
Baylor University (TX) ....................................................,68,"964,161",Bowdoin College (ME) ....................................................,68,"1,038,640",University of Kentucky ....................................................,68,"1,215,226",University of Kentucky ....................................................,68,"1,231,557",Tulane University,68,"2,108,338",,,,,,,,,,,
University of Kentucky ....................................................,69,"947,383",Lehigh University (PA) ....................................................,69,"1,103,449",Soka University of America (CA) ...............................,69,"1,249,761","University of Cincinnati, Main Campus (OH) ....................................................",69,"1,193,540",University of Colorado Foundation,69,"2,096,061",,,,,,,,,,,
"Brigham Young University, Provo (UT) ....................................................",70,"957,010",University of Kentucky ....................................................,70,"1,054,448",Lehigh University (PA) ....................................................,70,"1,215,926",Lehigh University (PA) ....................................................,70,"1,213,207",The University System of Maryland Foundation,70,"2,095,331",,,,,,,,,,,
Syracuse University (NY) ....................................................,71,"940,056",Trinity University (TX) ....................................................,71,"1,013,929",Tulane University of Louisiana ....................................................,71,"1,169,060",Tulane University of Louisiana ....................................................,71,"1,209,322",The Board of Trustees of the University of Alabama,71,"2,088,711",,,,,,,,,,,
University of Illinois at Urbana-Champaign ....................................................,72,"996,226",Syracuse University (NY) ....................................................,72,"1,053,214","University of Cincinnati, Main Campus (OH) ....................................................",72,"1,182,040",Soka University of America (CA) ...............................,72,"1,221,435",Southern Methodist University,72,"2,041,103",,,,,,,,,,,
"University of Cincinnati, Main Campus (OH) ....................................................",73,"834,929","University of Cincinnati, Main Campus (OH) ....................................................",73,"1,044,198",Trinity University (TX) ....................................................,73,"1,187,929",Syracuse University (NY) ....................................................,73,"1,166,109",NC State University and Related Foundations,73,"2,028,201",,,,,,,,,,,
Bowdoin College (ME) ....................................................,74,"902,364",Tulane University of Louisiana ....................................................,74,"1,031,661",Wake Forest University (NC) ....................................................,74,"1,148,026",Baylor University (TX) ....................................................,74,"1,165,550",Rutgers The State University of New Jersey,74,"1,987,686",,,,,,,,,,,
Yeshiva University (NY) ....................................................,75,"931,914",Baylor University (TX) ....................................................,75,"1,061,157",Syracuse University (NY) ....................................................,75,"1,183,244",Wake Forest University (NC) ....................................................,75,"1,167,400",Washington & Lee University,75,"1,973,892",,,,,,,,,,,
Tulane University of Louisiana ....................................................,76,"946,176",Wake Forest University (NC) ....................................................,76,"1,061,638",Baylor University (TX) ....................................................,76,"1,151,201",Trinity University (TX) ....................................................,76,"1,192,777",Baylor University,76,"1,965,669",,,,,,,,,,,
Trinity University (TX) ....................................................,77,"915,918",Berea College (KY) ....................................................,77,"1,012,401",Berea College (KY) ....................................................,77,"1,137,222",Liberty University (VA) ....................................................,77,"1,054,286",Wake Forest University,77,"1,900,449",,,,,,,,,,,
Berea College (KY) ....................................................,78,"942,618",Middlebury College (VT) ....................................................,78,"972,992",Middlebury College (VT) ....................................................,78,"1,081,894",Saint Louis University (MO) ....................................................,78,"1,093,348",Syracuse University,78,"1,897,452",,,,,,,,,,,
Middlebury College (VT) ....................................................,79,"879,690",Saint Louis University (MO) ....................................................,79,"956,014",Saint Louis University (MO) ....................................................,79,"1,076,959",Berea College (KY) ....................................................,79,"1,101,476",University of Delaware,79,"1,819,783",,,,,,,,,,,
"Saint Louis University, Main Campus (MO) ....................................................",80,"852,842",Princeton Theological Seminary (NJ) ....................................................,80,"941,110",Princeton Theological Seminary (NJ) ....................................................,80,"1,042,191",Baylor College of Medicine (TX) ....................................................,80,"1,062,671",The University of Georgia and Related Foundations,80,"1,810,872",,,,,,,,,,,
Princeton Theological Seminary (NJ) ....................................................,81,"866,930",University of Tulsa (OK) ....................................................,81,"893,055",Baylor College of Medicine (TX) ....................................................,81,"988,247",University of Texas Southwestern Medical Center ....................................................,81,"974,261",University of Kentucky,81,"1,808,119",,,,,,,,,,,
University of Tulsa (OK) ....................................................,82,"802,455",Juilliard School (NY) ....................................................,82,"882,012",Liberty University (VA) ....................................................,82,"126,422",Princeton Theological Seminary (NJ) ....................................................,82,"1,075,591",Virginia Tech Foundation,82,"1,792,100",,,,,,,,,,,
Juilliard School (NY) ....................................................,83,"787,698",University of Texas Southwestern Medical Center ....................................................,83,"878,855",University of Tulsa (OK) ....................................................,83,"1,023,412",University of Georgia ...............................................,83,"1,004,987",Lehigh University,83,"1,756,174",,,,,,,,,,,
University of Texas Southwestern Medical Center ....................................................,84,"836,413",Baylor College of Medicine (TX) ....................................................,84,"844,261","University of Oklahoma, Norman Campus ....................................................",84,"965,937",Middlebury College (VT) ....................................................,84,"1,101,054",Saint Louis University,84,"1,731,282",,,,,,,,,,,
Vassar College (NY) ....................................................,85,"804,912",Vassar College (NY) ....................................................,85,"868,741",University of Georgia ...............................................,85,"939,024","University of Oklahoma, Norman Campus ....................................................",85,"1,042,859",Texas Tech University System,85,"1,715,597",,,,,,,,,,,
Berry College (GA) ....................................................,86,"821,977","University of Oklahoma, Norman Campus ....................................................",86,"845,635",Juilliard School (NY) ....................................................,86,"999,769",North Carolina State University at Raleigh ....................................................,86,"983,979",Oklahoma State University Foundation,86,"1,707,485",,,,,,,,,,,
"University of Oklahoma, Norman Campus ....................................................",87,"784,834","Indiana University, Bloomington ....................................................",87,"835,123",North Carolina State University at Raleigh ....................................................,87,"885,055","Indiana University, Bloomington ....................................................",87,"960,625",Northeastern University,87,"1,662,545",,,,,,,,,,,
Baylor College of Medicine (TX) ....................................................,88,"751,378",University of Arkansas ....................................................,88,"819,814",Vassar College (NY) ....................................................,88,"974,180",University of Tulsa (OK) ....................................................,88,"1,043,055",Trinity University,88,"1,653,589",,,,,,,,,,,
"Indiana University, Bloomington ....................................................",89,"772,185",Hamilton College (NY) ....................................................,89,"773,828",University of Texas Southwestern Medical Center ....................................................,89,"988,251","University of California, San Francisco ...............................",89,"1,426,199",Iowa State University and Foundation,89,"1,643,443",,,,,,,,,,,
University of Arkansas ....................................................,90,"770,550",Berry College (GA) ....................................................,90,"861,107","Indiana University, Bloomington ....................................................",90,"961,054",University of Utah ............................................,90,"899,178",The University of Utah,90,"1,643,031",,,,,,,,,,,
University of Miami (FL) ....................................................,91,"678,694","University of California, San Francisco ...............................",91,"766,144",University of Arkansas ....................................................,91,"929,693",Berry College (GA) ....................................................,91,"887,981",The Medical College of Wisconsin,91,"1,639,392",,,,,,,,,,,
Washington State University ....................................................,92,"737,428",North Carolina State University at Raleigh ....................................................,92,"769,404",Hamilton College (NY) ....................................................,92,"927,520","Indiana University, Purdue University, Indianapolis ....................................................",92,"825,184",The University of Tennessee System,92,"1,599,768",,,,,,,,,,,
Hamilton College (NY) ....................................................,93,"693,919",University of Louisville (KY) ....................................................,93,"757,336",Brandeis University (MA) ....................................................,93,"861,152",Juilliard School (NY) ....................................................,93,"999,377",University of Arkansas at Fayetteville and Foundation,93,"1,526,675",,,,,,,,,,,
North Carolina State University at Raleigh ....................................................,94,"635,326",Washington State University ....................................................,94,"777,644",Yeshiva University (NY) ...............................................,94,"943,467",Vassar College (NY) .....................................................,94,"982,971",Berea College,94,"1,508,415",,,,,,,,,,,
Brandeis University (MA) ....................................................,95,"674,522",Oberlin College (OH) ....................................................,95,"765,804","University of Nebraska, Lincoln ...............................................",95,"203,672",Washington State University ....................................................,95,"885,900",University of Oregon Foundation,95,"1,489,652",,,,,,,,,,,
"University of California, San Francisco ...............................",96,"655,924",Colgate University (NY) ....................................................,96,"760,825",University of Utah ............................................,96,"723,827",University of Arkansas ....................................................,96,"948,679",Wesleyan University,96,"1,481,970",,,,,,,,,,,
Oberlin College (OH) ....................................................,97,"708,238",University of Miami (FL) ....................................................,97,"777,947",Colgate University (NY) ....................................................,97,"865,882","University of Nebraska, Lincoln ...............................................",97,"906,156",Santa Clara University,97,"1,478,274",,,,,,,,,,,
Colgate University (NY) ....................................................,98,"687,474",Brandeis University (MA) ....................................................,98,"766,205",Berry College (GA) ....................................................,98,"925,698","University of Missouri, Columbia ..........................................",98,"871,126",Baylor College of Medicine,98,"1,474,202",,,,,,,,,,,
Santa Clara University (CA) ....................................................,99,"688,118",Bryn Mawr College (PA) ....................................................,99,"710,168",University of Miami (FL) ....................................................,99,"865,435",Brandeis University (MA) ....................................................,99,"915,087",Middlebury College,99,"1,468,868",,,,,,,,,,,
University of Louisville (KY) ....................................................,100,"721,104",Clemson University (SC) ...................................,100,"518,606",Washington State University ....................................................,100,"868,091","Rutgers University, New Brunswick (NJ) ..............................................",100,"710,802",Arizona State University & Foundation,100,"1,467,451",,,,,,,,,,,
Lafayette College (PA) ....................................................,101,"681,536","Indiana University, Purdue University, Indianapolis ....................................................",101,"709,877",Oberlin College (OH) ....................................................,101,"866,830",Hamilton College (NY) ....................................................,101,"919,578",Princeton Theological Seminary,101,"1,414,946",,,,,,,,,,,
Pepperdine University (CA) ....................................................,102,"607,953",Lafayette College (PA) ....................................................,102,"749,031","University of Missouri, Columbia ..........................................",102,"806,717",University of Miami (FL) ....................................................,102,"887,329",University of Miami,102,"1,365,713",,,,,,,,,,,
Bryn Mawr College (PA) ....................................................,103,"641,173","University of Missouri, Columbia ..........................................",103,"692,853",Bryn Mawr College (PA) ....................................................,103,"839,226",Santa Clara University (CA) ..............................................,103,"884,746",UC San Diego Foundation,103,"1,360,837",,,,,,,,,,,
"Indiana University, Purdue University, Indianapolis ....................................................",104,"634,979",Denison University (OH) ....................................................,104,"691,740",Clemson University (SC) ...................................,104,"836,152",Virginia Polytechnic Institute and State U. ............................................,104,"810,200",William & Mary and Foundations,104,"1,360,787",,,,,,,,,,,
"Rutgers University, New Brunswick (NJ) ....................................................",105,"645,556",College of William and Mary (VA) ....................................................,105,"697,724",University of Louisville (KY) ....................................................,105,"876,825",Colgate University (NY) ....................................................,105,"892,549",University of Cincinnati,105,"1,345,894",,,,,,,,,,,
Carleton College (MN) ....................................................,106,"645,654",Wesleyan University (CT) ....................................................,106,"688,643",Wesleyan University (CT) ....................................................,106,"793,334",Oberlin College (OH) ....................................................,106,"871,965",Davidson College,106,"1,322,217",,,,,,,,,,,
College of William and Mary (VA) ....................................................,107,"644,233",Carleton College (MN) ....................................................,107,"700,540","Indiana University, Purdue University, Indianapolis ....................................................",107,"834,834",Bryn Mawr College (PA) ....................................................,107,"867,728",The University of Massachusetts Foundation,107,"1,313,983",,,,,,,,,,,
Macalester College (MN) ....................................................,108,"625,068",Pepperdine University (CA) ....................................................,108,"715,660",Denison University (OH) ....................................................,108,"799,108",College of William and Mary (VA) ....................................................,108,"811,217",Loma Linda University,108,"1,306,099",,,,,,,,,,,
"University of Missouri, Columbia ..........................................",109,"624,382",Virginia Polytechnic Institute and State U. ............................................,109,"653,700",College of William and Mary (VA) ....................................................,109,"797,592",Wesleyan University (CT) ....................................................,109,"838,774",The University of Arizona and the University of Arizona Foundation,109,"1,287,689",,,,,,,,,,,
Denison University (OH) ....................................................,110,"644,201","University of Tennessee, Knoxville ....................................................",110,"662,942",Virginia Polytechnic Institute and State U. ............................................,110,"788,800",Thomas Jefferson University (PA) ..............................................,110,"708,033",Hamilton College,110,"1,282,403",,,,,,,,,,,
Wesleyan University (CT) ....................................................,111,"616,195","Rutgers University, New Brunswick (NJ) ....................................................",111,"655,125",Lafayette College (PA) ....................................................,111,"832,811",Pepperdine University (CA) ....................................................,111,"785,767",Rochester Institute of Technology,111,"1,274,218",,,,,,,,,,,
Rochester Institute of Technology (NY) ....................................................,112,"628,128",University of Arizona ...................................,112,"611,746",Pepperdine University (CA) ....................................................,112,"790,483",Cooper Union for the Advancement of Science and Art (NY) ..............................................,112,"738,488",Washington State University,112,"1,267,373",,,,,,,,,,,
Cooper Union for the Advancement of Science and Art (NY) ....................................................,113,"640,536",Rochester Institute of Technology (NY) ....................................................,113,"669,132",Carleton College (MN) ....................................................,113,"792,737",Lafayette College (PA) ....................................................,113,"809,061",Berry College,113,"1,261,304",,,,,,,,,,,
Bucknell University (PA) .................................,114,"599,216",Bucknell University (PA) .................................,114,"666,563",Medical College of Wisconsin ...................................,114,"748,637",University of Oregon ..............................................,114,"719,111",University of Tulsa,114,"1,259,543",,,,,,,,,,,
"University of Tennessee, Knoxville ....................................................",115,"665,833",Macalester College (MN) ....................................................,115,"694,311",Macalester College (MN) ....................................................,115,"749,550",University of Arizona ....................................,115,"767,940",Oregon Health and Science University Foundation,115,"1,257,493",,,,,,,,,,,
Colorado College ............................................,116,"507,013",Medical College of Wisconsin ...................................,116,"597,865",University of Arizona ...................................,116,"760,679",Rochester Institute of Technology (NY) ....................................................,116,"761,936",Vassar College,116,"1,224,164",,,,,,,,,,,
Virginia Polytechnic Institute and State U. ............................................,117,"588,300",Colby College (ME) ....................................................,117,"649,992",Rochester Institute of Technology (NY) ....................................................,117,"753,951",Medical College of Wisconsin ...................................,117,"778,315",Villanova University,117,"1,219,776",,,,,,,,,,,
Colby College (ME) ....................................................,118,"599,557",Northeastern University (MA) ...................................,118,"631,395",Colby College (ME) ....................................................,118,"740,631",University of Louisville (KY) ....................................................,118,"844,288",Brandeis University,118,"1,216,217",,,,,,,,,,,
University of Utah ............................................,119,"577,505",College of the Holy Cross (MA) ...................................,119,"634,912",Northeastern University (MA) ...................................,119,"729,034",Carleton College (MN) ....................................................,119,"783,456",Colgate University,119,"1,202,460",,,,,,,,,,,
Mount Holyoke College (MA) ....................................................,120,"594,045",University of Utah ............................................,120,"642,219","Everest University, South Orlando (FL) ...............................................",120,"736,347",Denison University (OH) ....................................................,120,"812,300",,120,,,,,,,,,,,,
,,,,,,,,,,,,,,,,,,,,,,,,,
,,,,,,,,,,,,,,,,,,,,,,,,,
,,,,,,,,,,,,,,,,,,,,,,,,,
,,,,,,,,,,,,,,,,,,,,,,,,,
,,,,,,,,,,,,,,,,,,,,,,,,,
,,,,,,,,,,,,,,,,,,,,,,,,,
,,,,,,,,,,,,,,,,,,,,,,,,,
,,,,,,,,,,,,,,,,,,,,,,,,,
,,,,,,,,,,,,,,,,,,,,,,,,,
,,,,,,,,,,,,,,,,,,,,,,,,,
,,,,,,,,,,,,,,,,,,,,,,,,,
,,,,,,,,,,,,,,,,,,,,,,,,,
,,,,,,,,,,,,,,,,,,,,,,,,,
,,,,,,,,,,,,,,,,,,,,,,,,,
,,,,,,,,,,,,,,,,,,,,,,,,,
,,,,,,,,,,,,,,,,,,,,,,,,,
,,,,,,,,,,,,,,,,,,,,,,,,,
,,,,,,,,,,,,,,,,,,,,,,,,,
,,,,,,,,,,,,,,,,,,,,,,,,,
,,,,,,,,,,,,,,,,,,,,,,,,,
,,,,,,,,,,,,,,,,,,,,,,,,,
,,,,,,,,,,,,,,,,,,,,,,,,,
,,,,,,,,,,,,,,,,,,,,,,,,,
,,,,,,,,,,,,,,,,,,,,,,,,,
,,,,,,,,,,,,,,,,,,,,,,,,,
,,,,,,,,,,,,,,,,,,,,,,,,,
,,,,,,,,,,,,,,,,,,,,,,,,,
,,,,,,,,,,,,,,,,,,,,,,,,,
,,,,,,,,,,,,,,,,,,,,,,,,,
,,,,,,,,,,,,,,,,,,,,,,,,,
,,,,,,,,,,,,,,,,,,,,,,,,,
,,,,,,,,,,,,,,,,,,,,,,,,,
,,,,,,,,,,,,,,,,,,,,,,,,,
,,,,,,,,,,,,,,,,,,,,,,,,,
,,,,,,,,,,,,,,,,,,,,,,,,,
,,,,,,,,,,,,,,,,,,,,,,,,,
,,,,,,,,,,,,,,,,,,,,,,,,,
,,,,,,,,,,,,,,,,,,,,,,,,,
,,,,,,,,,,,,,,,,,,,,,,,,,
,,,,,,,,,,,,,,,,,,,,,,,,,
,,,,,,,,,,,,,,,,,,,,,,,,,
,,,,,,,,,,,,,,,,,,,,,,,,,
,,,,,,,,,,,,,,,,,,,,,,,,,
,,,,,,,,,,,,,,,,,,,,,,,,,
,,,,,,,,,,,,,,,,,,,,,,,,,
,,,,,,,,,,,,,,,,,,,,,,,,,
,,,,,,,,,,,,,,,,,,,,,,,,,
,,,,,,,,,,,,,,,,,,,,,,,,,
,,,,,,,,,,,,,,,,,,,,,,,,,
,,,,,,,,,,,,,,,,,,,,,,,,,
,,,,,,,,,,,,,,,,,,,,,,,,,
,,,,,,,,,,,,,,,,,,,,,,,,,
,,,,,,,,,,,,,,,,,,,,,,,,,
,,,,,,,,,,,,,,,,,,,,,,,,,
,,,,,,,,,,,,,,,,,,,,,,,,,
,,,,,,,,,,,,,,,,,,,,,,,,,
,,,,,,,,,,,,,,,,,,,,,,,,,
,,,,,,,,,,,,,,,,,,,,,,,,,
,,,,,,,,,,,,,,,,,,,,,,,,,
,,,,,,,,,,,,,,,,,,,,,,,,,
,,,,,,,,,,,,,,,,,,,,,,,,,
,,,,,,,,,,,,,,,,,,,,,,,,,
,,,,,,,,,,,,,,,,,,,,,,,,,
,,,,,,,,,,,,,,,,,,,,,,,,,
,,,,,,,,,,,,,,,,,,,,,,,,,
,,,,,,,,,,,,,,,,,,,,,,,,,
,,,,,,,,,,,,,,,,,,,,,,,,,
,,,,,,,,,,,,,,,,,,,,,,,,,
,,,,,,,,,,,,,,,,,,,,,,,,,
,,,,,,,,,,,,,,,,,,,,,,,,,
,,,,,,,,,,,,,,,,,,,,,,,,,
,,,,,,,,,,,,,,,,,,,,,,,,,
,,,,,,,,,,,,,,,,,,,,,,,,,
,,,,,,,,,,,,,,,,,,,,,,,,,
,,,,,,,,,,,,,,,,,,,,,,,,,
,,,,,,,,,,,,,,,,,,,,,,,,,
,,,,,,,,,,,,,,,,,,,,,,,,,
,,,,,,,,,,,,,,,,,,,,,,,,,
,,,,,,,,,,,,,,,,,,,,,,,,,
,,,,,,,,,,,,,,,,,,,,,,,,,
,,,,,,,,,,,,,,,,,,,,,,,,,
,,,,,,,,,,,,,,,,,,,,,,,,,
,,,,,,,,,,,,,,,,,,,,,,,,,
,,,,,,,,,,,,,,,,,,,,,,,,,
,,,,,,,,,,,,,,,,,,,,,,,,,
,,,,,,,,,,,,,,,,,,,,,,,,,
,,,,,,,,,,,,,,,,,,,,,,,,,
,,,,,,,,,,,,,,,,,,,,,,,,,
,,,,,,,,,,,,,,,,,,,,,,,,,
,,,,,,,,,,,,,,,,,,,,,,,,,
,,,,,,,,,,,,,,,,,,,,,,,,,
,,,,,,,,,,,,,,,,,,,,,,,,,
,,,,,,,,,,,,,,,,,,,,,,,,,
,,,,,,,,,,,,,,,,,,,,,,,,,
,,,,,,,,,,,,,,,,,,,,,,,,,
,,,,,,,,,,,,,,,,,,,,,,,,,
,,,,,,,,,,,,,,,,,,,,,,,,,
,,,,,,,,,,,,,,,,,,,,,,,,,
,,,,,,,,,,,,,,,,,,,,,,,,,
,,,,,,,,,,,,,,,,,,,,,,,,,
,,,,,,,,,,,,,,,,,,,,,,,,,
,,,,,,,,,,,,,,,,,,,,,,,,,
,,,,,,,,,,,,,,,,,,,,,,,,,
,,,,,,,,,,,,,,,,,,,,,,,,,
,,,,,,,,,,,,,,,,,,,,,,,,,
,,,,,,,,,,,,,,,,,,,,,,,,,
,,,,,,,,,,,,,,,,,,,,,,,,,
,,,,,,,,,,,,,,,,,,,,,,,,,
,,,,,,,,,,,,,,,,,,,,,,,,,
,,,,,,,,,,,,,,,,,,,,,,,,,
,,,,,,,,,,,,,,,,,,,,,,,,,
,,,,,,,,,,,,,,,,,,,,,,,,,
,,,,,,,,,,,,,,,,,,,,,,,,,
,,,,,,,,,,,,,,,,,,,,,,,,,
,,,,,,,,,,,,,,,,,,,,,,,,,
,,,,,,,,,,,,,,,,,,,,,,,,,
,,,,,,,,,,,,,,,,,,,,,,,,,
,,,,,,,,,,,,,,,,,,,,,,,,,
,,,,,,,,,,,,,,,,,,,,,,,,,
,,,,,,,,,,,,,,,,,,,,,,,,,
,,,,,,,,,,,,,,,,,,,,,,,,,
,,,,,,,,,,,,,,,,,,,,,,,,,
,,,,,,,,,,,,,,,,,,,,,,,,,
,,,,,,,,,,,,,,,,,,,,,,,,,
,,,,,,,,,,,,,,,,,,,,,,,,,
,,,,,,,,,,,,,,,,,,,,,,,,,
,,,,,,,,,,,,,,,,,,,,,,,,,
,,,,,,,,,,,,,,,,,,,,,,,,,
,,,,,,,,,,,,,,,,,,,,,,,,,
,,,,,,,,,,,,,,,,,,,,,,,,,
,,,,,,,,,,,,,,,,,,,,,,,,,
,,,,,,,,,,,,,,,,,,,,,,,,,
,,,,,,,,,,,,,,,,,,,,,,,,,
,,,,,,,,,,,,,,,,,,,,,,,,,
,,,,,,,,,,,,,,,,,,,,,,,,,
,,,,,,,,,,,,,,,,,,,,,,,,,
,,,,,,,,,,,,,,,,,,,,,,,,,
,,,,,,,,,,,,,,,,,,,,,,,,,
,,,,,,,,,,,,,,,,,,,,,,,,,
,,,,,,,,,,,,,,,,,,,,,,,,,
,,,,,,,,,,,,,,,,,,,,,,,,,
,,,,,,,,,,,,,,,,,,,,,,,,,
,,,,,,,,,,,,,,,,,,,,,,,,,
,,,,,,,,,,,,,,,,,,,,,,,,,
,,,,,,,,,,,,,,,,,,,,,,,,,
,,,,,,,,,,,,,,,,,,,,,,,,,
,,,,,,,,,,,,,,,,,,,,,,,,,
,,,,,,,,,,,,,,,,,,,,,,,,,
,,,,,,,,,,,,,,,,,,,,,,,,,
,,,,,,,,,,,,,,,,,,,,,,,,,
,,,,,,,,,,,,,,,,,,,,,,,,,
,,,,,,,,,,,,,,,,,,,,,,,,,
,,,,,,,,,,,,,,,,,,,,,,,,,
,,,,,,,,,,,,,,,,,,,,,,,,,
,,,,,,,,,,,,,,,,,,,,,,,,,
,,,,,,,,,,,,,,,,,,,,,,,,,
,,,,,,,,,,,,,,,,,,,,,,,,,
,,,,,,,,,,,,,,,,,,,,,,,,,
,,,,,,,,,,,,,,,,,,,,,,,,,
,,,,,,,,,,,,,,,,,,,,,,,,,
,,,,,,,,,,,,,,,,,,,,,,,,,
,,,,,,,,,,,,,,,,,,,,,,,,,
,,,,,,,,,,,,,,,,,,,,,,,,,
,,,,,,,,,,,,,,,,,,,,,,,,,
,,,,,,,,,,,,,,,,,,,,,,,,,
,,,,,,,,,,,,,,,,,,,,,,,,,
,,,,,,,,,,,,,,,,,,,,,,,,,
,,,,,,,,,,,,,,,,,,,,,,,,,
,,,,,,,,,,,,,,,,,,,,,,,,,
,,,,,,,,,,,,,,,,,,,,,,,,,
,,,,,,,,,,,,,,,,,,,,,,,,,
,,,,,,,,,,,,,,,,,,,,,,,,,
,,,,,,,,,,,,,,,,,,,,,,,,,
,,,,,,,,,,,,,,,,,,,,,,,,,
,,,,,,,,,,,,,,,,,,,,,,,,,
,,,,,,,,,,,,,,,,,,,,,,,,,
,,,,,,,,,,,,,,,,,,,,,,,,,
,,,,,,,,,,,,,,,,,,,,,,,,,
,,,,,,,,,,,,,,,,,,,,,,,,,
,,,,,,,,,,,,,,,,,,,,,,,,,
,,,,,,,,,,,,,,,,,,,,,,,,,
,,,,,,,,,,,,,,,,,,,,,,,,,
,,,,,,,,,,,,,,,,,,,,,,,,,
,,,,,,,,,,,,,,,,,,,,,,,,,
,,,,,,,,,,,,,,,,,,,,,,,,,
,,,,,,,,,,,,,,,,,,,,,,,,,
,,,,,,,,,,,,,,,,,,,,,,,,,
,,,,,,,,,,,,,,,,,,,,,,,,,
,,,,,,,,,,,,,,,,,,,,,,,,,
,,,,,,,,,,,,,,,,,,,,,,,,,
,,,,,,,,,,,,,,,,,,,,,,,,,
,,,,,,,,,,,,,,,,,,,,,,,,,
,,,,,,,,,,,,,,,,,,,,,,,,,
,,,,,,,,,,,,,,,,,,,,,,,,,
,,,,,,,,,,,,,,,,,,,,,,,,,
,,,,,,,,,,,,,,,,,,,,,,,,,
,,,,,,,,,,,,,,,,,,,,,,,,,
,,,,,,,,,,,,,,,,,,,,,,,,,
,,,,,,,,,,,,,,,,,,,,,,,,,
,,,,,,,,,,,,,,,,,,,,,,,,,
,,,,,,,,,,,,,,,,,,,,,,,,,
,,,,,,,,,,,,,,,,,,,,,,,,,
,,,,,,,,,,,,,,,,,,,,,,,,,
,,,,,,,,,,,,,,,,,,,,,,,,,
,,,,,,,,,,,,,,,,,,,,,,,,,
,,,,,,,,,,,,,,,,,,,,,,,,,
,,,,,,,,,,,,,,,,,,,,,,,,,
,,,,,,,,,,,,,,,,,,,,,,,,,
,,,,,,,,,,,,,,,,,,,,,,,,,
,,,,,,,,,,,,,,,,,,,,,,,,,
,,,,,,,,,,,,,,,,,,,,,,,,,
,,,,,,,,,,,,,,,,,,,,,,,,,
,,,,,,,,,,,,,,,,,,,,,,,,,
,,,,,,,,,,,,,,,,,,,,,,,,,
,,,,,,,,,,,,,,,,,,,,,,,,,
,,,,,,,,,,,,,,,,,,,,,,,,,
,,,,,,,,,,,,,,,,,,,,,,,,,
,,,,,,,,,,,,,,,,,,,,,,,,,
,,,,,,,,,,,,,,,,,,,,,,,,,
,,,,,,,,,,,,,,,,,,,,,,,,,
,,,,,,,,,,,,,,,,,,,,,,,,,
,,,,,,,,,,,,,,,,,,,,,,,,,
,,,,,,,,,,,,,,,,,,,,,,,,,
,,,,,,,,,,,,,,,,,,,,,,,,,
,,,,,,,,,,,,,,,,,,,,,,,,,
,,,,,,,,,,,,,,,,,,,,,,,,,
,,,,,,,,,,,,,,,,,,,,,,,,,
,,,,,,,,,,,,,,,,,,,,,,,,,
,,,,,,,,,,,,,,,,,,,,,,,,,
,,,,,,,,,,,,,,,,,,,,,,,,,
,,,,,,,,,,,,,,,,,,,,,,,,,
,,,,,,,,,,,,,,,,,,,,,,,,,
,,,,,,,,,,,,,,,,,,,,,,,,,
,,,,,,,,,,,,,,,,,,,,,,,,,
,,,,,,,,,,,,,,,,,,,,,,,,,
,,,,,,,,,,,,,,,,,,,,,,,,,
,,,,,,,,,,,,,,,,,,,,,,,,,
,,,,,,,,,,,,,,,,,,,,,,,,,
,,,,,,,,,,,,,,,,,,,,,,,,,
,,,,,,,,,,,,,,,,,,,,,,,,,
,,,,,,,,,,,,,,,,,,,,,,,,,
,,,,,,,,,,,,,,,,,,,,,,,,,
,,,,,,,,,,,,,,,,,,,,,,,,,
,,,,,,,,,,,,,,,,,,,,,,,,,
,,,,,,,,,,,,,,,,,,,,,,,,,
,,,,,,,,,,,,,,,,,,,,,,,,,
,,,,,,,,,,,,,,,,,,,,,,,,,
,,,,,,,,,,,,,,,,,,,,,,,,,
,,,,,,,,,,,,,,,,,,,,,,,,,
,,,,,,,,,,,,,,,,,,,,,,,,,
,,,,,,,,,,,,,,,,,,,,,,,,,
,,,,,,,,,,,,,,,,,,,,,,,,,
,,,,,,,,,,,,,,,,,,,,,,,,,
,,,,,,,,,,,,,,,,,,,,,,,,,
,,,,,,,,,,,,,,,,,,,,,,,,,
,,,,,,,,,,,,,,,,,,,,,,,,,
,,,,,,,,,,,,,,,,,,,,,,,,,
,,,,,,,,,,,,,,,,,,,,,,,,,
,,,,,,,,,,,,,,,,,,,,,,,,,
,,,,,,,,,,,,,,,,,,,,,,,,,
,,,,,,,,,,,,,,,,,,,,,,,,,
,,,,,,,,,,,,,,,,,,,,,,,,,
,,,,,,,,,,,,,,,,,,,,,,,,,
,,,,,,,,,,,,,,,,,,,,,,,,,
,,,,,,,,,,,,,,,,,,,,,,,,,
,,,,,,,,,,,,,,,,,,,,,,,,,
,,,,,,,,,,,,,,,,,,,,,,,,,
,,,,,,,,,,,,,,,,,,,,,,,,,
,,,,,,,,,,,,,,,,,,,,,,,,,
,,,,,,,,,,,,,,,,,,,,,,,,,
,,,,,,,,,,,,,,,,,,,,,,,,,
,,,,,,,,,,,,,,,,,,,,,,,,,
,,,,,,,,,,,,,,,,,,,,,,,,,
,,,,,,,,,,,,,,,,,,,,,,,,,
,,,,,,,,,,,,,,,,,,,,,,,,,
,,,,,,,,,,,,,,,,,,,,,,,,,
,,,,,,,,,,,,,,,,,,,,,,,,,
,,,,,,,,,,,,,,,,,,,,,,,,,
,,,,,,,,,,,,,,,,,,,,,,,,,
,,,,,,,,,,,,,,,,,,,,,,,,,
,,,,,,,,,,,,,,,,,,,,,,,,,
,,,,,,,,,,,,,,,,,,,,,,,,,
,,,,,,,,,,,,,,,,,,,,,,,,,
,,,,,,,,,,,,,,,,,,,,,,,,,
,,,,,,,,,,,,,,,,,,,,,,,,,
,,,,,,,,,,,,,,,,,,,,,,,,,
,,,,,,,,,,,,,,,,,,,,,,,,,
,,,,,,,,,,,,,,,,,,,,,,,,,
,,,,,,,,,,,,,,,,,,,,,,,,,
,,,,,,,,,,,,,,,,,,,,,,,,,
,,,,,,,,,,,,,,,,,,,,,,,,,
,,,,,,,,,,,,,,,,,,,,,,,,,
,,,,,,,,,,,,,,,,,,,,,,,,,
,,,,,,,,,,,,,,,,,,,,,,,,,
,,,,,,,,,,,,,,,,,,,,,,,,,
,,,,,,,,,,,,,,,,,,,,,,,,,
,,,,,,,,,,,,,,,,,,,,,,,,,
,,,,,,,,,,,,,,,,,,,,,,,,,
,,,,,,,,,,,,,,,,,,,,,,,,,
,,,,,,,,,,,,,,,,,,,,,,,,,
,,,,,,,,,,,,,,,,,,,,,,,,,
,,,,,,,,,,,,,,,,,,,,,,,,,
,,,,,,,,,,,,,,,,,,,,,,,,,
,,,,,,,,,,,,,,,,,,,,,,,,,
,,,,,,,,,,,,,,,,,,,,,,,,,
,,,,,,,,,,,,,,,,,,,,,,,,,
,,,,,,,,,,,,,,,,,,,,,,,,,
,,,,,,,,,,,,,,,,,,,,,,,,,
,,,,,,,,,,,,,,,,,,,,,,,,,
,,,,,,,,,,,,,,,,,,,,,,,,,
,,,,,,,,,,,,,,,,,,,,,,,,,
,,,,,,,,,,,,,,,,,,,,,,,,,
,,,,,,,,,,,,,,,,,,,,,,,,,
,,,,,,,,,,,,,,,,,,,,,,,,,
,,,,,,,,,,,,,,,,,,,,,,,,,
,,,,,,,,,,,,,,,,,,,,,,,,,
,,,,,,,,,,,,,,,,,,,,,,,,,
,,,,,,,,,,,,,,,,,,,,,,,,,
,,,,,,,,,,,,,,,,,,,,,,,,,
,,,,,,,,,,,,,,,,,,,,,,,,,
,,,,,,,,,,,,,,,,,,,,,,,,,
,,,,,,,,,,,,,,,,,,,,,,,,,
,,,,,,,,,,,,,,,,,,,,,,,,,
,,,,,,,,,,,,,,,,,,,,,,,,,
,,,,,,,,,,,,,,,,,,,,,,,,,
,,,,,,,,,,,,,,,,,,,,,,,,,
,,,,,,,,,,,,,,,,,,,,,,,,,
,,,,,,,,,,,,,,,,,,,,,,,,,
,,,,,,,,,,,,,,,,,,,,,,,,,
,,,,,,,,,,,,,,,,,,,,,,,,,
,,,,,,,,,,,,,,,,,,,,,,,,,
,,,,,,,,,,,,,,,,,,,,,,,,,
,,,,,,,,,,,,,,,,,,,,,,,,,
,,,,,,,,,,,,,,,,,,,,,,,,,
,,,,,,,,,,,,,,,,,,,,,,,,,
,,,,,,,,,,,,,,,,,,,,,,,,,
,,,,,,,,,,,,,,,,,,,,,,,,,
,,,,,,,,,,,,,,,,,,,,,,,,,
,,,,,,,,,,,,,,,,,,,,,,,,,
,,,,,,,,,,,,,,,,,,,,,,,,,
,,,,,,,,,,,,,,,,,,,,,,,,,
,,,,,,,,,,,,,,,,,,,,,,,,,
,,,,,,,,,,,,,,,,,,,,,,,,,
,,,,,,,,,,,,,,,,,,,,,,,,,
,,,,,,,,,,,,,,,,,,,,,,,,,
,,,,,,,,,,,,,,,,,,,,,,,,,
,,,,,,,,,,,,,,,,,,,,,,,,,
,,,,,,,,,,,,,,,,,,,,,,,,,
,,,,,,,,,,,,,,,,,,,,,,,,,
,,,,,,,,,,,,,,,,,,,,,,,,,
,,,,,,,,,,,,,,,,,,,,,,,,,
,,,,,,,,,,,,,,,,,,,,,,,,,
,,,,,,,,,,,,,,,,,,,,,,,,,
,,,,,,,,,,,,,,,,,,,,,,,,,
,,,,,,,,,,,,,,,,,,,,,,,,,
,,,,,,,,,,,,,,,,,,,,,,,,,
,,,,,,,,,,,,,,,,,,,,,,,,,
,,,,,,,,,,,,,,,,,,,,,,,,,
,,,,,,,,,,,,,,,,,,,,,,,,,
,,,,,,,,,,,,,,,,,,,,,,,,,
,,,,,,,,,,,,,,,,,,,,,,,,,
,,,,,,,,,,,,,,,,,,,,,,,,,
,,,,,,,,,,,,,,,,,,,,,,,,,
,,,,,,,,,,,,,,,,,,,,,,,,,
,,,,,,,,,,,,,,,,,,,,,,,,,
,,,,,,,,,,,,,,,,,,,,,,,,,
,,,,,,,,,,,,,,,,,,,,,,,,,
,,,,,,,,,,,,,,,,,,,,,,,,,
,,,,,,,,,,,,,,,,,,,,,,,,,
,,,,,,,,,,,,,,,,,,,,,,,,,
,,,,,,,,,,,,,,,,,,,,,,,,,
,,,,,,,,,,,,,,,,,,,,,,,,,
,,,,,,,,,,,,,,,,,,,,,,,,,
,,,,,,,,,,,,,,,,,,,,,,,,,
,,,,,,,,,,,,,,,,,,,,,,,,,
,,,,,,,,,,,,,,,,,,,,,,,,,
,,,,,,,,,,,,,,,,,,,,,,,,,
,,,,,,,,,,,,,,,,,,,,,,,,,
,,,,,,,,,,,,,,,,,,,,,,,,,
,,,,,,,,,,,,,,,,,,,,,,,,,
,,,,,,,,,,,,,,,,,,,,,,,,,
,,,,,,,,,,,,,,,,,,,,,,,,,
,,,,,,,,,,,,,,,,,,,,,,,,,
,,,,,,,,,,,,,,,,,,,,,,,,,
,,,,,,,,,,,,,,,,,,,,,,,,,
,,,,,,,,,,,,,,,,,,,,,,,,,
,,,,,,,,,,,,,,,,,,,,,,,,,
,,,,,,,,,,,,,,,,,,,,,,,,,
,,,,,,,,,,,,,,,,,,,,,,,,,
,,,,,,,,,,,,,,,,,,,,,,,,,
,,,,,,,,,,,,,,,,,,,,,,,,,
,,,,,,,,,,,,,,,,,,,,,,,,,
,,,,,,,,,,,,,,,,,,,,,,,,,
,,,,,,,,,,,,,,,,,,,,,,,,,
,,,,,,,,,,,,,,,,,,,,,,,,,
,,,,,,,,,,,,,,,,,,,,,,,,,
,,,,,,,,,,,,,,,,,,,,,,,,,
,,,,,,,,,,,,,,,,,,,,,,,,,
,,,,,,,,,,,,,,,,,,,,,,,,,
,,,,,,,,,,,,,,,,,,,,,,,,,
,,,,,,,,,,,,,,,,,,,,,,,,,
,,,,,,,,,,,,,,,,,,,,,,,,,
,,,,,,,,,,,,,,,,,,,,,,,,,
,,,,,,,,,,,,,,,,,,,,,,,,,
,,,,,,,,,,,,,,,,,,,,,,,,,
,,,,,,,,,,,,,,,,,,,,,,,,,
,,,,,,,,,,,,,,,,,,,,,,,,,
,,,,,,,,,,,,,,,,,,,,,,,,,
,,,,,,,,,,,,,,,,,,,,,,,,,
,,,,,,,,,,,,,,,,,,,,,,,,,
,,,,,,,,,,,,,,,,,,,,,,,,,
,,,,,,,,,,,,,,,,,,,,,,,,,
,,,,,,,,,,,,,,,,,,,,,,,,,
,,,,,,,,,,,,,,,,,,,,,,,,,
,,,,,,,,,,,,,,,,,,,,,,,,,
,,,,,,,,,,,,,,,,,,,,,,,,,
,,,,,,,,,,,,,,,,,,,,,,,,,
,,,,,,,,,,,,,,,,,,,,,,,,,
,,,,,,,,,,,,,,,,,,,,,,,,,
,,,,,,,,,,,,,,,,,,,,,,,,,
,,,,,,,,,,,,,,,,,,,,,,,,,
,,,,,,,,,,,,,,,,,,,,,,,,,
,,,,,,,,,,,,,,,,,,,,,,,,,
,,,,,,,,,,,,,,,,,,,,,,,,,
,,,,,,,,,,,,,,,,,,,,,,,,,
,,,,,,,,,,,,,,,,,,,,,,,,,
,,,,,,,,,,,,,,,,,,,,,,,,,
,,,,,,,,,,,,,,,,,,,,,,,,,
,,,,,,,,,,,,,,,,,,,,,,,,,
,,,,,,,,,,,,,,,,,,,,,,,,,
,,,,,,,,,,,,,,,,,,,,,,,,,
,,,,,,,,,,,,,,,,,,,,,,,,,
,,,,,,,,,,,,,,,,,,,,,,,,,
,,,,,,,,,,,,,,,,,,,,,,,,,
,,,,,,,,,,,,,,,,,,,,,,,,,
,,,,,,,,,,,,,,,,,,,,,,,,,
,,,,,,,,,,,,,,,,,,,,,,,,,
,,,,,,,,,,,,,,,,,,,,,,,,,
,,,,,,,,,,,,,,,,,,,,,,,,,
,,,,,,,,,,,,,,,,,,,,,,,,,
,,,,,,,,,,,,,,,,,,,,,,,,,
,,,,,,,,,,,,,,,,,,,,,,,,,
,,,,,,,,,,,,,,,,,,,,,,,,,
,,,,,,,,,,,,,,,,,,,,,,,,,
,,,,,,,,,,,,,,,,,,,,,,,,,
,,,,,,,,,,,,,,,,,,,,,,,,,
,,,,,,,,,,,,,,,,,,,,,,,,,
,,,,,,,,,,,,,,,,,,,,,,,,,
,,,,,,,,,,,,,,,,,,,,,,,,,
,,,,,,,,,,,,,,,,,,,,,,,,,
,,,,,,,,,,,,,,,,,,,,,,,,,
,,,,,,,,,,,,,,,,,,,,,,,,,
,,,,,,,,,,,,,,,,,,,,,,,,,
,,,,,,,,,,,,,,,,,,,,,,,,,
,,,,,,,,,,,,,,,,,,,,,,,,,
,,,,,,,,,,,,,,,,,,,,,,,,,
,,,,,,,,,,,,,,,,,,,,,,,,,
,,,,,,,,,,,,,,,,,,,,,,,,,
,,,,,,,,,,,,,,,,,,,,,,,,,
,,,,,,,,,,,,,,,,,,,,,,,,,
,,,,,,,,,,,,,,,,,,,,,,,,,
,,,,,,,,,,,,,,,,,,,,,,,,,
,,,,,,,,,,,,,,,,,,,,,,,,,
,,,,,,,,,,,,,,,,,,,,,,,,,
,,,,,,,,,,,,,,,,,,,,,,,,,
,,,,,,,,,,,,,,,,,,,,,,,,,
,,,,,,,,,,,,,,,,,,,,,,,,,
,,,,,,,,,,,,,,,,,,,,,,,,,
,,,,,,,,,,,,,,,,,,,,,,,,,
,,,,,,,,,,,,,,,,,,,,,,,,,
,,,,,,,,,,,,,,,,,,,,,,,,,
,,,,,,,,,,,,,,,,,,,,,,,,,
,,,,,,,,,,,,,,,,,,,,,,,,,
,,,,,,,,,,,,,,,,,,,,,,,,,
,,,,,,,,,,,,,,,,,,,,,,,,,
,,,,,,,,,,,,,,,,,,,,,,,,,
,,,,,,,,,,,,,,,,,,,,,,,,,
,,,,,,,,,,,,,,,,,,,,,,,,,
,,,,,,,,,,,,,,,,,,,,,,,,,
,,,,,,,,,,,,,,,,,,,,,,,,,
,,,,,,,,,,,,,,,,,,,,,,,,,
,,,,,,,,,,,,,,,,,,,,,,,,,
,,,,,,,,,,,,,,,,,,,,,,,,,
,,,,,,,,,,,,,,,,,,,,,,,,,
,,,,,,,,,,,,,,,,,,,,,,,,,
,,,,,,,,,,,,,,,,,,,,,,,,,
,,,,,,,,,,,,,,,,,,,,,,,,,
,,,,,,,,,,,,,,,,,,,,,,,,,
,,,,,,,,,,,,,,,,,,,,,,,,,
,,,,,,,,,,,,,,,,,,,,,,,,,
,,,,,,,,,,,,,,,,,,,,,,,,,
,,,,,,,,,,,,,,,,,,,,,,,,,
,,,,,,,,,,,,,,,,,,,,,,,,,
,,,,,,,,,,,,,,,,,,,,,,,,,
,,,,,,,,,,,,,,,,,,,,,,,,,
,,,,,,,,,,,,,,,,,,,,,,,,,
,,,,,,,,,,,,,,,,,,,,,,,,,
,,,,,,,,,,,,,,,,,,,,,,,,,
,,,,,,,,,,,,,,,,,,,,,,,,,
,,,,,,,,,,,,,,,,,,,,,,,,,
,,,,,,,,,,,,,,,,,,,,,,,,,
,,,,,,,,,,,,,,,,,,,,,,,,,
,,,,,,,,,,,,,,,,,,,,,,,,,
,,,,,,,,,,,,,,,,,,,,,,,,,
,,,,,,,,,,,,,,,,,,,,,,,,,
,,,,,,,,,,,,,,,,,,,,,,,,,
,,,,,,,,,,,,,,,,,,,,,,,,,
,,,,,,,,,,,,,,,,,,,,,,,,,
,,,,,,,,,,,,,,,,,,,,,,,,,
,,,,,,,,,,,,,,,,,,,,,,,,,
,,,,,,,,,,,,,,,,,,,,,,,,,
,,,,,,,,,,,,,,,,,,,,,,,,,
,,,,,,,,,,,,,,,,,,,,,,,,,
,,,,,,,,,,,,,,,,,,,,,,,,,
,,,,,,,,,,,,,,,,,,,,,,,,,
,,,,,,,,,,,,,,,,,,,,,,,,,
,,,,,,,,,,,,,,,,,,,,,,,,,
,,,,,,,,,,,,,,,,,,,,,,,,,
,,,,,,,,,,,,,,,,,,,,,,,,,
,,,,,,,,,,,,,,,,,,,,,,,,,
,,,,,,,,,,,,,,,,,,,,,,,,,
,,,,,,,,,,,,,,,,,,,,,,,,,
,,,,,,,,,,,,,,,,,,,,,,,,,
,,,,,,,,,,,,,,,,,,,,,,,,,
,,,,,,,,,,,,,,,,,,,,,,,,,
,,,,,,,,,,,,,,,,,,,,,,,,,
,,,,,,,,,,,,,,,,,,,,,,,,,
,,,,,,,,,,,,,,,,,,,,,,,,,
,,,,,,,,,,,,,,,,,,,,,,,,,
,,,,,,,,,,,,,,,,,,,,,,,,,
,,,,,,,,,,,,,,,,,,,,,,,,,
,,,,,,,,,,,,,,,,,,,,,,,,,
,,,,,,,,,,,,,,,,,,,,,,,,,
,,,,,,,,,,,,,,,,,,,,,,,,,
,,,,,,,,,,,,,,,,,,,,,,,,,
,,,,,,,,,,,,,,,,,,,,,,,,,
,,,,,,,,,,,,,,,,,,,,,,,,,
,,,,,,,,,,,,,,,,,,,,,,,,,
,,,,,,,,,,,,,,,,,,,,,,,,,
,,,,,,,,,,,,,,,,,,,,,,,,,
,,,,,,,,,,,,,,,,,,,,,,,,,
,,,,,,,,,,,,,,,,,,,,,,,,,
,,,,,,,,,,,,,,,,,,,,,,,,,
,,,,,,,,,,,,,,,,,,,,,,,,,
,,,,,,,,,,,,,,,,,,,,,,,,,
,,,,,,,,,,,,,,,,,,,,,,,,,
,,,,,,,,,,,,,,,,,,,,,,,,,
,,,,,,,,,,,,,,,,,,,,,,,,,
,,,,,,,,,,,,,,,,,,,,,,,,,
,,,,,,,,,,,,,,,,,,,,,,,,,
,,,,,,,,,,,,,,,,,,,,,,,,,
,,,,,,,,,,,,,,,,,,,,,,,,,
,,,,,,,,,,,,,,,,,,,,,,,,,
,,,,,,,,,,,,,,,,,,,,,,,,,
,,,,,,,,,,,,,,,,,,,,,,,,,
,,,,,,,,,,,,,,,,,,,,,,,,,
,,,,,,,,,,,,,,,,,,,,,,,,,
,,,,,,,,,,,,,,,,,,,,,,,,,
,,,,,,,,,,,,,,,,,,,,,,,,,
,,,,,,,,,,,,,,,,,,,,,,,,,
,,,,,,,,,,,,,,,,,,,,,,,,,
,,,,,,,,,,,,,,,,,,,,,,,,,
,,,,,,,,,,,,,,,,,,,,,,,,,
,,,,,,,,,,,,,,,,,,,,,,,,,
,,,,,,,,,,,,,,,,,,,,,,,,,
,,,,,,,,,,,,,,,,,,,,,,,,,
,,,,,,,,,,,,,,,,,,,,,,,,,
,,,,,,,,,,,,,,,,,,,,,,,,,
,,,,,,,,,,,,,,,,,,,,,,,,,
,,,,,,,,,,,,,,,,,,,,,,,,,
,,,,,,,,,,,,,,,,,,,,,,,,,
,,,,,,,,,,,,,,,,,,,,,,,,,
,,,,,,,,,,,,,,,,,,,,,,,,,
,,,,,,,,,,,,,,,,,,,,,,,,,
,,,,,,,,,,,,,,,,,,,,,,,,,
,,,,,,,,,,,,,,,,,,,,,,,,,
,,,,,,,,,,,,,,,,,,,,,,,,,
,,,,,,,,,,,,,,,,,,,,,,,,,
,,,,,,,,,,,,,,,,,,,,,,,,,
,,,,,,,,,,,,,,,,,,,,,,,,,
,,,,,,,,,,,,,,,,,,,,,,,,,
,,,,,,,,,,,,,,,,,,,,,,,,,
,,,,,,,,,,,,,,,,,,,,,,,,,
,,,,,,,,,,,,,,,,,,,,,,,,,
,,,,,,,,,,,,,,,,,,,,,,,,,
,,,,,,,,,,,,,,,,,,,,,,,,,
,,,,,,,,,,,,,,,,,,,,,,,,,
,,,,,,,,,,,,,,,,,,,,,,,,,
,,,,,,,,,,,,,,,,,,,,,,,,,
,,,,,,,,,,,,,,,,,,,,,,,,,
,,,,,,,,,,,,,,,,,,,,,,,,,
,,,,,,,,,,,,,,,,,,,,,,,,,
,,,,,,,,,,,,,,,,,,,,,,,,,
,,,,,,,,,,,,,,,,,,,,,,,,,
,,,,,,,,,,,,,,,,,,,,,,,,,
,,,,,,,,,,,,,,,,,,,,,,,,,
,,,,,,,,,,,,,,,,,,,,,,,,,
,,,,,,,,,,,,,,,,,,,,,,,,,
,,,,,,,,,,,,,,,,,,,,,,,,,
,,,,,,,,,,,,,,,,,,,,,,,,,
,,,,,,,,,,,,,,,,,,,,,,,,,
,,,,,,,,,,,,,,,,,,,,,,,,,
,,,,,,,,,,,,,,,,,,,,,,,,,
,,,,,,,,,,,,,,,,,,,,,,,,,
,,,,,,,,,,,,,,,,,,,,,,,,,
,,,,,,,,,,,,,,,,,,,,,,,,,
,,,,,,,,,,,,,,,,,,,,,,,,,
,,,,,,,,,,,,,,,,,,,,,,,,,
,,,,,,,,,,,,,,,,,,,,,,,,,
,,,,,,,,,,,,,,,,,,,,,,,,,
,,,,,,,,,,,,,,,,,,,,,,,,,
,,,,,,,,,,,,,,,,,,,,,,,,,
,,,,,,,,,,,,,,,,,,,,,,,,,
,,,,,,,,,,,,,,,,,,,,,,,,,
,,,,,,,,,,,,,,,,,,,,,,,,,
,,,,,,,,,,,,,,,,,,,,,,,,,
,,,,,,,,,,,,,,,,,,,,,,,,,
,,,,,,,,,,,,,,,,,,,,,,,,,
,,,,,,,,,,,,,,,,,,,,,,,,,
,,,,,,,,,,,,,,,,,,,,,,,,,
,,,,,,,,,,,,,,,,,,,,,,,,,
,,,,,,,,,,,,,,,,,,,,,,,,,
,,,,,,,,,,,,,,,,,,,,,,,,,
,,,,,,,,,,,,,,,,,,,,,,,,,
,,,,,,,,,,,,,,,,,,,,,,,,,
,,,,,,,,,,,,,,,,,,,,,,,,,
,,,,,,,,,,,,,,,,,,,,,,,,,
,,,,,,,,,,,,,,,,,,,,,,,,,
,,,,,,,,,,,,,,,,,,,,,,,,,
,,,,,,,,,,,,,,,,,,,,,,,,,
,,,,,,,,,,,,,,,,,,,,,,,,,
,,,,,,,,,,,,,,,,,,,,,,,,,
,,,,,,,,,,,,,,,,,,,,,,,,,
,,,,,,,,,,,,,,,,,,,,,,,,,
,,,,,,,,,,,,,,,,,,,,,,,,,
,,,,,,,,,,,,,,,,,,,,,,,,,
,,,,,,,,,,,,,,,,,,,,,,,,,
,,,,,,,,,,,,,,,,,,,,,,,,,
,,,,,,,,,,,,,,,,,,,,,,,,,
,,,,,,,,,,,,,,,,,,,,,,,,,
,,,,,,,,,,,,,,,,,,,,,,,,,
,,,,,,,,,,,,,,,,,,,,,,,,,
,,,,,,,,,,,,,,,,,,,,,,,,,
,,,,,,,,,,,,,,,,,,,,,,,,,
,,,,,,,,,,,,,,,,,,,,,,,,,
,,,,,,,,,,,,,,,,,,,,,,,,,
,,,,,,,,,,,,,,,,,,,,,,,,,
,,,,,,,,,,,,,,,,,,,,,,,,,
,,,,,,,,,,,,,,,,,,,,,,,,,
,,,,,,,,,,,,,,,,,,,,,,,,,
,,,,,,,,,,,,,,,,,,,,,,,,,
,,,,,,,,,,,,,,,,,,,,,,,,,
,,,,,,,,,,,,,,,,,,,,,,,,,
,,,,,,,,,,,,,,,,,,,,,,,,,
,,,,,,,,,,,,,,,,,,,,,,,,,
,,,,,,,,,,,,,,,,,,,,,,,,,
,,,,,,,,,,,,,,,,,,,,,,,,,
,,,,,,,,,,,,,,,,,,,,,,,,,
,,,,,,,,,,,,,,,,,,,,,,,,,
,,,,,,,,,,,,,,,,,,,,,,,,,
,,,,,,,,,,,,,,,,,,,,,,,,,
,,,,,,,,,,,,,,,,,,,,,,,,,
,,,,,,,,,,,,,,,,,,,,,,,,,
,,,,,,,,,,,,,,,,,,,,,,,,,
,,,,,,,,,,,,,,,,,,,,,,,,,
,,,,,,,,,,,,,,,,,,,,,,,,,
,,,,,,,,,,,,,,,,,,,,,,,,,
,,,,,,,,,,,,,,,,,,,,,,,,,
,,,,,,,,,,,,,,,,,,,,,,,,,
,,,,,,,,,,,,,,,,,,,,,,,,,
,,,,,,,,,,,,,,,,,,,,,,,,,
,,,,,,,,,,,,,,,,,,,,,,,,,
,,,,,,,,,,,,,,,,,,,,,,,,,
,,,,,,,,,,,,,,,,,,,,,,,,,
,,,,,,,,,,,,,,,,,,,,,,,,,
,,,,,,,,,,,,,,,,,,,,,,,,,
,,,,,,,,,,,,,,,,,,,,,,,,,
,,,,,,,,,,,,,,,,,,,,,,,,,
,,,,,,,,,,,,,,,,,,,,,,,,,
,,,,,,,,,,,,,,,,,,,,,,,,,
,,,,,,,,,,,,,,,,,,,,,,,,,
,,,,,,,,,,,,,,,,,,,,,,,,,
,,,,,,,,,,,,,,,,,,,,,,,,,
,,,,,,,,,,,,,,,,,,,,,,,,,
,,,,,,,,,,,,,,,,,,,,,,,,,
,,,,,,,,,,,,,,,,,,,,,,,,,
,,,,,,,,,,,,,,,,,,,,,,,,,
,,,,,,,,,,,,,,,,,,,,,,,,,
,,,,,,,,,,,,,,,,,,,,,,,,,
,,,,,,,,,,,,,,,,,,,,,,,,,
,,,,,,,,,,,,,,,,,,,,,,,,,
,,,,,,,,,,,,,,,,,,,,,,,,,
,,,,,,,,,,,,,,,,,,,,,,,,,
,,,,,,,,,,,,,,,,,,,,,,,,,
,,,,,,,,,,,,,,,,,,,,,,,,,
,,,,,,,,,,,,,,,,,,,,,,,,,
,,,,,,,,,,,,,,,,,,,,,,,,,
,,,,,,,,,,,,,,,,,,,,,,,,,
,,,,,,,,,,,,,,,,,,,,,,,,,
,,,,,,,,,,,,,,,,,,,,,,,,,
,,,,,,,,,,,,,,,,,,,,,,,,,
,,,,,,,,,,,,,,,,,,,,,,,,,
,,,,,,,,,,,,,,,,,,,,,,,,,
,,,,,,,,,,,,,,,,,,,,,,,,,
,,,,,,,,,,,,,,,,,,,,,,,,,
,,,,,,,,,,,,,,,,,,,,,,,,,
,,,,,,,,,,,,,,,,,,,,,,,,,
,,,,,,,,,,,,,,,,,,,,,,,,,
,,,,,,,,,,,,,,,,,,,,,,,,,
,,,,,,,,,,,,,,,,,,,,,,,,,
,,,,,,,,,,,,,,,,,,,,,,,,,
,,,,,,,,,,,,,,,,,,,,,,,,,
,,,,,,,,,,,,,,,,,,,,,,,,,
,,,,,,,,,,,,,,,,,,,,,,,,,
,,,,,,,,,,,,,,,,,,,,,,,,,
,,,,,,,,,,,,,,,,,,,,,,,,,
,,,,,,,,,,,,,,,,,,,,,,,,,
,,,,,,,,,,,,,,,,,,,,,,,,,
,,,,,,,,,,,,,,,,,,,,,,,,,
,,,,,,,,,,,,,,,,,,,,,,,,,
,,,,,,,,,,,,,,,,,,,,,,,,,
,,,,,,,,,,,,,,,,,,,,,,,,,
,,,,,,,,,,,,,,,,,,,,,,,,,
,,,,,,,,,,,,,,,,,,,,,,,,,
,,,,,,,,,,,,,,,,,,,,,,,,,
,,,,,,,,,,,,,,,,,,,,,,,,,
,,,,,,,,,,,,,,,,,,,,,,,,,
,,,,,,,,,,,,,,,,,,,,,,,,,
,,,,,,,,,,,,,,,,,,,,,,,,,
,,,,,,,,,,,,,,,,,,,,,,,,,
,,,,,,,,,,,,,,,,,,,,,,,,,
,,,,,,,,,,,,,,,,,,,,,,,,,
,,,,,,,,,,,,,,,,,,,,,,,,,
,,,,,,,,,,,,,,,,,,,,,,,,,
,,,,,,,,,,,,,,,,,,,,,,,,,
,,,,,,,,,,,,,,,,,,,,,,,,,
,,,,,,,,,,,,,,,,,,,,,,,,,
,,,,,,,,,,,,,,,,,,,,,,,,,
,,,,,,,,,,,,,,,,,,,,,,,,,
,,,,,,,,,,,,,,,,,,,,,,,,,
,,,,,,,,,,,,,,,,,,,,,,,,,
,,,,,,,,,,,,,,,,,,,,,,,,,
,,,,,,,,,,,,,,,,,,,,,,,,,
,,,,,,,,,,,,,,,,,,,,,,,,,
,,,,,,,,,,,,,,,,,,,,,,,,,
,,,,,,,,,,,,,,,,,,,,,,,,,
,,,,,,,,,,,,,,,,,,,,,,,,,
,,,,,,,,,,,,,,,,,,,,,,,,,
,,,,,,,,,,,,,,,,,,,,,,,,,
,,,,,,,,,,,,,,,,,,,,,,,,,
,,,,,,,,,,,,,,,,,,,,,,,,,
,,,,,,,,,,,,,,,,,,,,,,,,,
,,,,,,,,,,,,,,,,,,,,,,,,,
,,,,,,,,,,,,,,,,,,,,,,,,,
,,,,,,,,,,,,,,,,,,,,,,,,,
,,,,,,,,,,,,,,,,,,,,,,,,,
,,,,,,,,,,,,,,,,,,,,,,,,,
,,,,,,,,,,,,,,,,,,,,,,,,,
,,,,,,,,,,,,,,,,,,,,,,,,,
,,,,,,,,,,,,,,,,,,,,,,,,,
,,,,,,,,,,,,,,,,,,,,,,,,,
,,,,,,,,,,,,,,,,,,,,,,,,,
,,,,,,,,,,,,,,,,,,,,,,,,,
,,,,,,,,,,,,,,,,,,,,,,,,,
,,,,,,,,,,,,,,,,,,,,,,,,,
,,,,,,,,,,,,,,,,,,,,,,,,,
,,,,,,,,,,,,,,,,,,,,,,,,,
,,,,,,,,,,,,,,,,,,,,,,,,,
,,,,,,,,,,,,,,,,,,,,,,,,,
,,,,,,,,,,,,,,,,,,,,,,,,,
,,,,,,,,,,,,,,,,,,,,,,,,,
,,,,,,,,,,,,,,,,,,,,,,,,,
,,,,,,,,,,,,,,,,,,,,,,,,,
,,,,,,,,,,,,,,,,,,,,,,,,,
,,,,,,,,,,,,,,,,,,,,,,,,,
,,,,,,,,,,,,,,,,,,,,,,,,,
,,,,,,,,,,,,,,,,,,,,,,,,,
,,,,,,,,,,,,,,,,,,,,,,,,,
,,,,,,,,,,,,,,,,,,,,,,,,,
,,,,,,,,,,,,,,,,,,,,,,,,,
,,,,,,,,,,,,,,,,,,,,,,,,,
,,,,,,,,,,,,,,,,,,,,,,,,,
,,,,,,,,,,,,,,,,,,,,,,,,,
,,,,,,,,,,,,,,,,,,,,,,,,,
,,,,,,,,,,,,,,,,,,,,,,,,,
,,,,,,,,,,,,,,,,,,,,,,,,,
,,,,,,,,,,,,,,,,,,,,,,,,,
,,,,,,,,,,,,,,,,,,,,,,,,,
,,,,,,,,,,,,,,,,,,,,,,,,,
,,,,,,,,,,,,,,,,,,,,,,,,,
,,,,,,,,,,,,,,,,,,,,,,,,,
,,,,,,,,,,,,,,,,,,,,,,,,,
,,,,,,,,,,,,,,,,,,,,,,,,,
,,,,,,,,,,,,,,,,,,,,,,,,,
,,,,,,,,,,,,,,,,,,,,,,,,,
,,,,,,,,,,,,,,,,,,,,,,,,,
,,,,,,,,,,,,,,,,,,,,,,,,,
,,,,,,,,,,,,,,,,,,,,,,,,,
,,,,,,,,,,,,,,,,,,,,,,,,,
,,,,,,,,,,,,,,,,,,,,,,,,,
,,,,,,,,,,,,,,,,,,,,,,,,,
,,,,,,,,,,,,,,,,,,,,,,,,,
,,,,,,,,,,,,,,,,,,,,,,,,,
,,,,,,,,,,,,,,,,,,,,,,,,,
,,,,,,,,,,,,,,,,,,,,,,,,,
,,,,,,,,,,,,,,,,,,,,,,,,,
,,,,,,,,,,,,,,,,,,,,,,,,,
,,,,,,,,,,,,,,,,,,,,,,,,,
,,,,,,,,,,,,,,,,,,,,,,,,,
,,,,,,,,,,,,,,,,,,,,,,,,,
,,,,,,,,,,,,,,,,,,,,,,,,,
,,,,,,,,,,,,,,,,,,,,,,,,,
,,,,,,,,,,,,,,,,,,,,,,,,,
,,,,,,,,,,,,,,,,,,,,,,,,,
,,,,,,,,,,,,,,,,,,,,,,,,,
,,,,,,,,,,,,,,,,,,,,,,,,,
,,,,,,,,,,,,,,,,,,,,,,,,,
,,,,,,,,,,,,,,,,,,,,,,,,,
,,,,,,,,,,,,,,,,,,,,,,,,,
,,,,,,,,,,,,,,,,,,,,,,,,,
,,,,,,,,,,,,,,,,,,,,,,,,,
,,,,,,,,,,,,,,,,,,,,,,,,,
,,,,,,,,,,,,,,,,,,,,,,,,,
,,,,,,,,,,,,,,,,,,,,,,,,,
,,,,,,,,,,,,,,,,,,,,,,,,,
,,,,,,,,,,,,,,,,,,,,,,,,,
,,,,,,,,,,,,,,,,,,,,,,,,,
,,,,,,,,,,,,,,,,,,,,,,,,,
,,,,,,,,,,,,,,,,,,,,,,,,,
,,,,,,,,,,,,,,,,,,,,,,,,,
,,,,,,,,,,,,,,,,,,,,,,,,,
,,,,,,,,,,,,,,,,,,,,,,,,,
,,,,,,,,,,,,,,,,,,,,,,,,,
,,,,,,,,,,,,,,,,,,,,,,,,,
,,,,,,,,,,,,,,,,,,,,,,,,,
,,,,,,,,,,,,,,,,,,,,,,,,,
,,,,,,,,,,,,,,,,,,,,,,,,,
,,,,,,,,,,,,,,,,,,,,,,,,,
,,,,,,,,,,,,,,,,,,,,,,,,,
,,,,,,,,,,,,,,,,,,,,,,,,,
,,,,,,,,,,,,,,,,,,,,,,,,,
,,,,,,,,,,,,,,,,,,,,,,,,,
,,,,,,,,,,,,,,,,,,,,,,,,,
,,,,,,,,,,,,,,,,,,,,,,,,,
,,,,,,,,,,,,,,,,,,,,,,,,,
,,,,,,,,,,,,,,,,,,,,,,,,,
,,,,,,,,,,,,,,,,,,,,,,,,,
,,,,,,,,,,,,,,,,,,,,,,,,,
,,,,,,,,,,,,,,,,,,,,,,,,,
,,,,,,,,,,,,,,,,,,,,,,,,,
,,,,,,,,,,,,,,,,,,,,,,,,,
,,,,,,,,,,,,,,,,,,,,,,,,,
